,BACC,Accuracy,Sensitivity,Specificity,MCC,AUC,Precision,F1 Score
yac_pred_xgb_LOO,0.6222222222222222,0.6533333333333333,0.7777777777777778,0.4666666666666667,0.2567180154051351,0.6222222222222222,0.6862745098039216,0.7291666666666666
