,BACC,Sensitivity,Specificity,MCC,AUC,Precision,F1 Score,Fold
yac_pred_rf_fold1,0.6388888888888888,0.7777777777777778,0.5,0.28867513459481287,0.6388888888888888,0.7,0.7368421052631579,1
