,BACC,Sensitivity,Specificity,MCC,AUC,Precision,F1 Score,Fold
yac_pred_rf_fold1,0.6388888888888888,0.7777777777777778,0.5,0.28867513459481287,0.6388888888888888,0.7,0.7368421052631579,1
yac_pred_rf_fold2,0.5555555555555556,0.7777777777777778,0.3333333333333333,0.12309149097933272,0.5555555555555556,0.6363636363636364,0.7,2
yac_pred_rf_fold3,0.4444444444444444,0.8888888888888888,0.0,-0.21821789023599236,0.4444444444444444,0.5714285714285714,0.6956521739130435,3
yac_pred_rf_fold4,0.6111111111111112,0.5555555555555556,0.6666666666666666,0.21821789023599236,0.6111111111111112,0.7142857142857143,0.625,4
yac_pred_rf_fold5,0.4444444444444444,0.8888888888888888,0.0,-0.21821789023599236,0.4444444444444444,0.5714285714285714,0.6956521739130435,5
