,BACC,Sensitivity,Specificity,MCC,AUC,Precision,F1 Score,Fold
yac_pred_rf_fold5,0.4444444444444444,0.8888888888888888,0.0,-0.21821789023599236,0.4444444444444444,0.5714285714285714,0.6956521739130435,5
