,BACC,Accuracy,Sensitivity,Specificity,MCC,AUC,Precision,F1 Score
yac_pred_rf_LOO,0.5111111111111111,0.5733333333333334,0.8222222222222222,0.2,0.027939937811355633,0.5111111111111111,0.6065573770491803,0.6981132075471698
