,BACC,Sensitivity,Specificity,MCC,AUC,Precision,F1 Score,Fold
yac_pred_xgb_fold1,0.5833333333333333,0.6666666666666666,0.5,0.16666666666666666,0.5833333333333333,0.6666666666666666,0.6666666666666666,1
