,BACC,Sensitivity,Specificity,MCC,AUC,Precision,F1 Score,Fold
yac_pred_xgb_fold1,0.5833333333333333,0.6666666666666666,0.5,0.16666666666666666,0.5833333333333333,0.6666666666666666,0.6666666666666666,1
yac_pred_xgb_fold2,0.4444444444444444,0.5555555555555556,0.3333333333333333,-0.1111111111111111,0.4444444444444445,0.5555555555555556,0.5555555555555556,2
yac_pred_xgb_fold3,0.611111111111111,0.8888888888888888,0.3333333333333333,0.2721655269759087,0.6111111111111112,0.6666666666666666,0.7619047619047619,3
yac_pred_xgb_fold4,0.5277777777777778,0.5555555555555556,0.5,0.05455447255899809,0.5277777777777778,0.625,0.5882352941176471,4
yac_pred_xgb_fold5,0.41666666666666663,0.6666666666666666,0.16666666666666666,-0.1846372364689991,0.41666666666666663,0.5454545454545454,0.6,5
