,BACC,Sensitivity,Specificity,MCC,AUC,Precision,F1 Score,Fold
yat_pred_xgb_fold2,0.3055555555555555,0.4444444444444444,0.16666666666666666,-0.3888888888888889,0.3055555555555555,0.4444444444444444,0.4444444444444444,2
