,BACC,Sensitivity,Specificity,MCC,AUC,Precision,F1 Score,Fold
yat_pred_rf_fold2,0.41666666666666663,0.6666666666666666,0.16666666666666666,-0.1846372364689991,0.41666666666666663,0.5454545454545454,0.6,2
