,BACC,Sensitivity,Specificity,MCC,AUC,Precision,F1 Score,Fold
yat_pred_rf_fold1,0.611111111111111,0.8888888888888888,0.3333333333333333,0.2721655269759087,0.6111111111111112,0.6666666666666666,0.7619047619047619,1
yat_pred_rf_fold2,0.41666666666666663,0.6666666666666666,0.16666666666666666,-0.1846372364689991,0.41666666666666663,0.5454545454545454,0.6,2
yat_pred_rf_fold3,0.3888888888888889,0.7777777777777778,0.0,-0.3202563076101743,0.3888888888888889,0.5384615384615384,0.6363636363636364,3
yat_pred_rf_fold4,0.5277777777777778,0.5555555555555556,0.5,0.05455447255899809,0.5277777777777778,0.625,0.5882352941176471,4
yat_pred_rf_fold5,0.3888888888888889,0.7777777777777778,0.0,-0.3202563076101743,0.3888888888888889,0.5384615384615384,0.6363636363636364,5
