,BACC,Accuracy,Sensitivity,Specificity,MCC,AUC,Precision,F1 Score
yat_pred_svc_LOO,0.3611111111111111,0.41333333333333333,0.6222222222222222,0.1,-0.3077287274483318,0.3611111111111111,0.509090909090909,0.56
