,BACC,Sensitivity,Specificity,MCC,AUC,Precision,F1 Score,Fold
yat_pred_svc_fold1,0.5555555555555556,0.7777777777777778,0.3333333333333333,0.12309149097933272,0.5555555555555556,0.6363636363636364,0.7,1
yat_pred_svc_fold2,0.4722222222222222,0.7777777777777778,0.16666666666666666,-0.06804138174397717,0.4722222222222222,0.5833333333333334,0.6666666666666666,2
yat_pred_svc_fold3,0.4444444444444444,0.8888888888888888,0.0,-0.21821789023599236,0.4444444444444444,0.5714285714285714,0.6956521739130435,3
yat_pred_svc_fold4,0.4444444444444444,0.5555555555555556,0.3333333333333333,-0.1111111111111111,0.4444444444444445,0.5555555555555556,0.5555555555555556,4
yat_pred_svc_fold5,0.3888888888888889,0.7777777777777778,0.0,-0.3202563076101743,0.3888888888888889,0.5384615384615384,0.6363636363636364,5
