,BACC,Sensitivity,Specificity,MCC,AUC,Precision,F1 Score,Fold
yat_pred_xgb_fold1,0.5,0.6666666666666666,0.3333333333333333,0.0,0.5,0.6,0.631578947368421,1
yat_pred_xgb_fold2,0.3055555555555555,0.4444444444444444,0.16666666666666666,-0.3888888888888889,0.3055555555555555,0.4444444444444444,0.4444444444444444,2
yat_pred_xgb_fold3,0.6944444444444444,0.8888888888888888,0.5,0.43082021842766455,0.6944444444444444,0.7272727272727273,0.8,3
yat_pred_xgb_fold4,0.5833333333333333,0.6666666666666666,0.5,0.16666666666666666,0.5833333333333333,0.6666666666666666,0.6666666666666666,4
yat_pred_xgb_fold5,0.41666666666666663,0.6666666666666666,0.16666666666666666,-0.1846372364689991,0.41666666666666663,0.5454545454545454,0.6,5
