,BACC,Accuracy,Sensitivity,Specificity,MCC,AUC,Precision,F1 Score
yat_pred_rf_LOO,0.4222222222222222,0.48,0.7111111111111111,0.13333333333333333,-0.18201783862232032,0.4222222222222222,0.5517241379310345,0.6213592233009708
