,BACC,Accuracy,Sensitivity,Specificity,MCC,AUC,Precision,F1 Score
yat_pred_xgb_LOO,0.6055555555555556,0.6266666666666667,0.7111111111111111,0.5,0.21382083988801326,0.6055555555555556,0.6808510638297872,0.6956521739130435
