,BACC,Sensitivity,Specificity,MCC,AUC,Precision,F1 Score,Fold
yat_pred_rf_fold3,0.3888888888888889,0.7777777777777778,0.0,-0.3202563076101743,0.3888888888888889,0.5384615384615384,0.6363636363636364,3
