,BACC,Sensitivity,Specificity,MCC,AUC,Precision,F1 Score,Fold
ycd_pred_svc_fold1,0.5,1.0,0.0,0.0,0.5,0.6,0.75,1
ycd_pred_svc_fold2,0.4722222222222222,0.7777777777777778,0.16666666666666666,-0.06804138174397717,0.4722222222222222,0.5833333333333334,0.6666666666666666,2
ycd_pred_svc_fold3,0.5,1.0,0.0,0.0,0.5,0.6,0.75,3
ycd_pred_svc_fold4,0.5833333333333333,0.6666666666666666,0.5,0.16666666666666666,0.5833333333333333,0.6666666666666666,0.6666666666666666,4
ycd_pred_svc_fold5,0.5,1.0,0.0,0.0,0.5,0.6,0.75,5
