,BACC,Accuracy,Sensitivity,Specificity,MCC,AUC,Precision,F1 Score
ycd_pred_xgb_LOO,0.5888888888888889,0.6133333333333333,0.7111111111111111,0.4666666666666667,0.18144368465060579,0.588888888888889,0.6666666666666666,0.6881720430107527
