,BACC,Sensitivity,Specificity,MCC,AUC,Precision,F1 Score,Fold
ycd_pred_xgb_fold1,0.611111111111111,0.8888888888888888,0.3333333333333333,0.2721655269759087,0.6111111111111112,0.6666666666666666,0.7619047619047619,1
ycd_pred_xgb_fold2,0.6111111111111112,0.5555555555555556,0.6666666666666666,0.21821789023599236,0.6111111111111112,0.7142857142857143,0.625,2
ycd_pred_xgb_fold3,0.4444444444444444,0.8888888888888888,0.0,-0.21821789023599236,0.4444444444444444,0.5714285714285714,0.6956521739130435,3
ycd_pred_xgb_fold4,0.8055555555555556,0.7777777777777778,0.8333333333333334,0.600099198148979,0.8055555555555555,0.875,0.8235294117647058,4
ycd_pred_xgb_fold5,0.6111111111111112,0.5555555555555556,0.6666666666666666,0.21821789023599236,0.6111111111111112,0.7142857142857143,0.625,5
