,BACC,Accuracy,Sensitivity,Specificity,MCC,AUC,Precision,F1 Score
ycd_pred_xgb_LOO,0.5555555555555556,0.5866666666666667,0.7111111111111111,0.4,0.11547005383792515,0.5555555555555556,0.64,0.6736842105263158
