,BACC,Accuracy,Sensitivity,Specificity,MCC,AUC,Precision,F1 Score
ycd_pred_svc_LOO,0.45555555555555555,0.5466666666666666,0.9111111111111111,0.0,-0.1938006332446037,0.45555555555555555,0.5774647887323944,0.7068965517241379
