,BACC,Accuracy,Sensitivity,Specificity,MCC,AUC,Precision,F1 Score
yce_pred_svc_LOO,0.4722222222222222,0.5333333333333333,0.7777777777777778,0.16666666666666666,-0.06804138174397717,0.4722222222222222,0.5833333333333334,0.6666666666666666
