,BACC,Sensitivity,Specificity,MCC,AUC,Precision,F1 Score,Fold
yce_pred_rf_fold5,0.75,0.6666666666666666,0.8333333333333334,0.49099025303098287,0.75,0.8571428571428571,0.75,5
