,BACC,Sensitivity,Specificity,MCC,AUC,Precision,F1 Score,Fold
yce_pred_rf_fold1,0.5,0.6666666666666666,0.3333333333333333,0.0,0.5,0.6,0.631578947368421,1
yce_pred_rf_fold2,0.5555555555555556,0.7777777777777778,0.3333333333333333,0.12309149097933272,0.5555555555555556,0.6363636363636364,0.7,2
yce_pred_rf_fold3,0.5833333333333334,1.0,0.16666666666666666,0.32732683535398854,0.5833333333333333,0.6428571428571429,0.782608695652174,3
yce_pred_rf_fold4,0.6111111111111112,0.5555555555555556,0.6666666666666666,0.21821789023599236,0.6111111111111112,0.7142857142857143,0.625,4
yce_pred_rf_fold5,0.6666666666666666,0.6666666666666666,0.6666666666666666,0.32732683535398854,0.6666666666666667,0.75,0.7058823529411765,5
