,BACC,Accuracy,Sensitivity,Specificity,MCC,AUC,Precision,F1 Score
yce_pred_xgb_LOO,0.5888888888888889,0.6266666666666667,0.7777777777777778,0.4,0.19129123994352415,0.5888888888888889,0.660377358490566,0.7142857142857143
