,BACC,Sensitivity,Specificity,MCC,AUC,Precision,F1 Score,Fold
yce_pred_svc_fold1,0.5277777777777778,0.8888888888888888,0.16666666666666666,0.08006407690254358,0.5277777777777777,0.6153846153846154,0.7272727272727273,1
yce_pred_svc_fold2,0.5,0.6666666666666666,0.3333333333333333,0.0,0.5,0.6,0.631578947368421,2
yce_pred_svc_fold3,0.5,1.0,0.0,0.0,0.5,0.6,0.75,3
yce_pred_svc_fold4,0.6388888888888888,0.7777777777777778,0.5,0.28867513459481287,0.6388888888888888,0.7,0.7368421052631579,4
yce_pred_svc_fold5,0.4722222222222222,0.7777777777777778,0.16666666666666666,-0.06804138174397717,0.4722222222222222,0.5833333333333334,0.6666666666666666,5
