,BACC,Accuracy,Sensitivity,Specificity,MCC,AUC,Precision,F1 Score
yce_pred_xgb_LOO,0.5833333333333334,0.6266666666666667,0.8,0.36666666666666664,0.1846372364689991,0.5833333333333334,0.6545454545454545,0.72
