,BACC,Sensitivity,Specificity,MCC,AUC,Precision,F1 Score,Fold
yce_pred_xgb_fold4,0.6111111111111112,0.5555555555555556,0.6666666666666666,0.21821789023599236,0.6111111111111112,0.7142857142857143,0.625,4
