,BACC,Sensitivity,Specificity,MCC,AUC,Precision,F1 Score,Fold
yce_pred_xgb_fold1,0.5277777777777778,0.8888888888888888,0.16666666666666666,0.08006407690254358,0.5277777777777777,0.6153846153846154,0.7272727272727273,1
yce_pred_xgb_fold2,0.5277777777777778,0.5555555555555556,0.5,0.05455447255899809,0.5277777777777778,0.625,0.5882352941176471,2
yce_pred_xgb_fold3,0.5833333333333334,1.0,0.16666666666666666,0.32732683535398854,0.5833333333333333,0.6428571428571429,0.782608695652174,3
yce_pred_xgb_fold4,0.6111111111111112,0.5555555555555556,0.6666666666666666,0.21821789023599236,0.6111111111111112,0.7142857142857143,0.625,4
yce_pred_xgb_fold5,0.6944444444444444,0.5555555555555556,0.8333333333333334,0.3888888888888889,0.6944444444444444,0.8333333333333334,0.6666666666666666,5
