,BACC,Accuracy,Sensitivity,Specificity,MCC,AUC,Precision,F1 Score
yce_pred_rf_LOO,0.5333333333333333,0.56,0.6666666666666666,0.4,0.06804138174397717,0.5333333333333333,0.625,0.6451612903225806
