,BACC,Sensitivity,Specificity,MCC,AUC,Precision,F1 Score,Fold
ycj_pred_rf_fold1,0.611111111111111,0.8888888888888888,0.3333333333333333,0.2721655269759087,0.6111111111111112,0.6666666666666666,0.7619047619047619,1
ycj_pred_rf_fold2,0.5833333333333333,0.6666666666666666,0.5,0.16666666666666666,0.5833333333333333,0.6666666666666666,0.6666666666666666,2
ycj_pred_rf_fold3,0.5,1.0,0.0,0.0,0.5,0.6,0.75,3
ycj_pred_rf_fold4,0.5833333333333333,0.6666666666666666,0.5,0.16666666666666666,0.5833333333333333,0.6666666666666666,0.6666666666666666,4
ycj_pred_rf_fold5,0.7222222222222222,0.7777777777777778,0.6666666666666666,0.4444444444444444,0.7222222222222223,0.7777777777777778,0.7777777777777778,5
