,BACC,Accuracy,Sensitivity,Specificity,MCC,AUC,Precision,F1 Score
ycj_pred_rf_LOO,0.5555555555555556,0.6,0.7777777777777778,0.3333333333333333,0.12309149097933272,0.5555555555555556,0.6363636363636364,0.7
