,BACC,Sensitivity,Specificity,MCC,AUC,Precision,F1 Score,Fold
ycj_pred_xgb_fold1,0.5555555555555556,0.7777777777777778,0.3333333333333333,0.12309149097933272,0.5555555555555556,0.6363636363636364,0.7,1
ycj_pred_xgb_fold2,0.5,0.6666666666666666,0.3333333333333333,0.0,0.5,0.6,0.631578947368421,2
ycj_pred_xgb_fold3,0.3888888888888889,0.7777777777777778,0.0,-0.3202563076101743,0.3888888888888889,0.5384615384615384,0.6363636363636364,3
ycj_pred_xgb_fold4,0.6944444444444444,0.5555555555555556,0.8333333333333334,0.3888888888888889,0.6944444444444444,0.8333333333333334,0.6666666666666666,4
ycj_pred_xgb_fold5,0.5555555555555556,0.4444444444444444,0.6666666666666666,0.1111111111111111,0.5555555555555556,0.6666666666666666,0.5333333333333333,5
