,BACC,Accuracy,Sensitivity,Specificity,MCC,AUC,Precision,F1 Score
ycn_pred_rf_LOO,0.5666666666666667,0.6,0.7333333333333333,0.4,0.14002800840280097,0.5666666666666667,0.6470588235294118,0.6875
