,BACC,Sensitivity,Specificity,MCC,AUC,Precision,F1 Score,Fold
ycn_pred_xgb_fold1,0.5,0.6666666666666666,0.3333333333333333,0.0,0.5,0.6,0.631578947368421,1
ycn_pred_xgb_fold2,0.5277777777777778,0.5555555555555556,0.5,0.05455447255899809,0.5277777777777778,0.625,0.5882352941176471,2
ycn_pred_xgb_fold3,0.4722222222222222,0.7777777777777778,0.16666666666666666,-0.06804138174397717,0.4722222222222222,0.5833333333333334,0.6666666666666666,3
ycn_pred_xgb_fold4,0.6944444444444444,0.5555555555555556,0.8333333333333334,0.3888888888888889,0.6944444444444444,0.8333333333333334,0.6666666666666666,4
ycn_pred_xgb_fold5,0.5833333333333333,0.6666666666666666,0.5,0.16666666666666666,0.5833333333333333,0.6666666666666666,0.6666666666666666,5
