,BACC,Sensitivity,Specificity,MCC,AUC,Precision,F1 Score,Fold
ycn_pred_rf_fold1,0.6388888888888888,0.7777777777777778,0.5,0.28867513459481287,0.6388888888888888,0.7,0.7368421052631579,1
ycn_pred_rf_fold2,0.5833333333333333,0.6666666666666666,0.5,0.16666666666666666,0.5833333333333333,0.6666666666666666,0.6666666666666666,2
ycn_pred_rf_fold3,0.5833333333333334,1.0,0.16666666666666666,0.32732683535398854,0.5833333333333333,0.6428571428571429,0.782608695652174,3
ycn_pred_rf_fold4,0.5277777777777778,0.5555555555555556,0.5,0.05455447255899809,0.5277777777777778,0.625,0.5882352941176471,4
ycn_pred_rf_fold5,0.5833333333333333,0.6666666666666666,0.5,0.16666666666666666,0.5833333333333333,0.6666666666666666,0.6666666666666666,5
