,BACC,Accuracy,Sensitivity,Specificity,MCC,AUC,Precision,F1 Score
ycn_pred_rf_LOO,0.5388888888888889,0.5733333333333334,0.7111111111111111,0.36666666666666664,0.0816830049016339,0.538888888888889,0.6274509803921569,0.6666666666666666
