,BACC,Sensitivity,Specificity,MCC,AUC,Precision,F1 Score,Fold
ycn_pred_xgb_fold4,0.6944444444444444,0.5555555555555556,0.8333333333333334,0.3888888888888889,0.6944444444444444,0.8333333333333334,0.6666666666666666,4
