,BACC,Sensitivity,Specificity,MCC,AUC,Precision,F1 Score,Fold
ycn_pred_xgb_fold1,0.5,0.6666666666666666,0.3333333333333333,0.0,0.5,0.6,0.631578947368421,1
ycn_pred_xgb_fold2,0.6111111111111112,0.5555555555555556,0.6666666666666666,0.21821789023599236,0.6111111111111112,0.7142857142857143,0.625,2
ycn_pred_xgb_fold3,0.3333333333333333,0.6666666666666666,0.0,-0.408248290463863,0.3333333333333333,0.5,0.5714285714285714,3
ycn_pred_xgb_fold4,0.7222222222222222,0.7777777777777778,0.6666666666666666,0.4444444444444444,0.7222222222222223,0.7777777777777778,0.7777777777777778,4
ycn_pred_xgb_fold5,0.7222222222222222,0.7777777777777778,0.6666666666666666,0.4444444444444444,0.7222222222222223,0.7777777777777778,0.7777777777777778,5
