,BACC,Sensitivity,Specificity,MCC,AUC,Precision,F1 Score,Fold
ycn_pred_rf_fold1,0.611111111111111,0.8888888888888888,0.3333333333333333,0.2721655269759087,0.6111111111111112,0.6666666666666666,0.7619047619047619,1
