,BACC,Accuracy,Sensitivity,Specificity,MCC,AUC,Precision,F1 Score
ycn_pred_svc_LOO,0.49444444444444446,0.5466666666666666,0.7555555555555555,0.23333333333333334,-0.012745318548364543,0.49444444444444435,0.5964912280701754,0.6666666666666666
