,BACC,Sensitivity,Specificity,MCC,AUC,Precision,F1 Score,Fold
ycn_pred_xgb_fold1,0.5,0.6666666666666666,0.3333333333333333,0.0,0.5,0.6,0.631578947368421,1
