,BACC,Sensitivity,Specificity,MCC,AUC,Precision,F1 Score,Fold
ycn_pred_svc_fold1,0.5555555555555556,0.7777777777777778,0.3333333333333333,0.12309149097933272,0.5555555555555556,0.6363636363636364,0.7,1
ycn_pred_svc_fold2,0.5833333333333333,0.6666666666666666,0.5,0.16666666666666666,0.5833333333333333,0.6666666666666666,0.6666666666666666,2
ycn_pred_svc_fold3,0.5,1.0,0.0,0.0,0.5,0.6,0.75,3
ycn_pred_svc_fold4,0.7222222222222222,0.7777777777777778,0.6666666666666666,0.4444444444444444,0.7222222222222223,0.7777777777777778,0.7777777777777778,4
ycn_pred_svc_fold5,0.6666666666666666,0.6666666666666666,0.6666666666666666,0.32732683535398854,0.6666666666666667,0.75,0.7058823529411765,5
