,BACC,Accuracy,Sensitivity,Specificity,MCC,AUC,Precision,F1 Score
ycn_pred_svc_LOO,0.5111111111111111,0.56,0.7555555555555555,0.26666666666666666,0.025031308716087945,0.5111111111111112,0.6071428571428571,0.6732673267326733
