,BACC,Accuracy,Sensitivity,Specificity,MCC,AUC,Precision,F1 Score
ycn_pred_xgb_LOO,0.47777777777777775,0.52,0.6888888888888889,0.26666666666666666,-0.04782280998588104,0.47777777777777786,0.5849056603773585,0.6326530612244898
