,BACC,Sensitivity,Specificity,MCC,AUC,Precision,F1 Score,Fold
yes_pred_xgb_fold1,0.75,1.0,0.5,0.6123724356957946,0.75,0.75,0.8571428571428571,1
yes_pred_xgb_fold2,0.4722222222222222,0.4444444444444444,0.5,-0.05455447255899809,0.4722222222222222,0.5714285714285714,0.5,2
yes_pred_xgb_fold3,0.6666666666666666,1.0,0.3333333333333333,0.4803844614152614,0.6666666666666667,0.6923076923076923,0.8181818181818182,3
yes_pred_xgb_fold4,0.3611111111111111,0.2222222222222222,0.5,-0.28867513459481287,0.36111111111111116,0.4,0.2857142857142857,4
yes_pred_xgb_fold5,0.6666666666666666,0.6666666666666666,0.6666666666666666,0.32732683535398854,0.6666666666666667,0.75,0.7058823529411765,5
