,BACC,Sensitivity,Specificity,MCC,AUC,Precision,F1 Score,Fold
yes_pred_svc_fold1,0.5833333333333334,1.0,0.16666666666666666,0.32732683535398854,0.5833333333333333,0.6428571428571429,0.782608695652174,1
yes_pred_svc_fold2,0.5277777777777778,0.5555555555555556,0.5,0.05455447255899809,0.5277777777777778,0.625,0.5882352941176471,2
yes_pred_svc_fold3,0.5833333333333334,1.0,0.16666666666666666,0.32732683535398854,0.5833333333333333,0.6428571428571429,0.782608695652174,3
yes_pred_svc_fold4,0.5555555555555556,0.7777777777777778,0.3333333333333333,0.12309149097933272,0.5555555555555556,0.6363636363636364,0.7,4
yes_pred_svc_fold5,0.6666666666666666,1.0,0.3333333333333333,0.4803844614152614,0.6666666666666667,0.6923076923076923,0.8181818181818182,5
