,BACC,Sensitivity,Specificity,MCC,AUC,Precision,F1 Score,Fold
yes_pred_rf_fold2,0.5,0.6666666666666666,0.3333333333333333,0.0,0.5,0.6,0.631578947368421,2
