,BACC,Sensitivity,Specificity,MCC,AUC,Precision,F1 Score,Fold
yes_pred_xgb_fold4,0.3611111111111111,0.2222222222222222,0.5,-0.28867513459481287,0.36111111111111116,0.4,0.2857142857142857,4
