,BACC,Accuracy,Sensitivity,Specificity,MCC,AUC,Precision,F1 Score
yes_pred_rf_LOO,0.5944444444444444,0.64,0.8222222222222222,0.36666666666666664,0.21276612408674753,0.5944444444444444,0.6607142857142857,0.7326732673267327
