,BACC,Accuracy,Sensitivity,Specificity,MCC,AUC,Precision,F1 Score
yes_pred_xgb_LOO,0.6166666666666667,0.64,0.7333333333333333,0.5,0.2381448361039201,0.6166666666666667,0.6875,0.7096774193548387
