,BACC,Accuracy,Sensitivity,Specificity,MCC,AUC,Precision,F1 Score
ykc_pred_rf_LOO,0.40555555555555556,0.48,0.7777777777777778,0.03333333333333333,-0.26156941833108205,0.40555555555555556,0.546875,0.6422018348623854
