,BACC,Sensitivity,Specificity,MCC,AUC,Precision,F1 Score,Fold
ykc_pred_rf_fold1,0.5833333333333334,1.0,0.16666666666666666,0.32732683535398854,0.5833333333333333,0.6428571428571429,0.782608695652174,1
ykc_pred_rf_fold2,0.5277777777777778,0.8888888888888888,0.16666666666666666,0.08006407690254358,0.5277777777777777,0.6153846153846154,0.7272727272727273,2
ykc_pred_rf_fold3,0.5,1.0,0.0,0.0,0.5,0.6,0.75,3
ykc_pred_rf_fold4,0.611111111111111,0.8888888888888888,0.3333333333333333,0.2721655269759087,0.6111111111111112,0.6666666666666666,0.7619047619047619,4
ykc_pred_rf_fold5,0.5277777777777778,0.8888888888888888,0.16666666666666666,0.08006407690254358,0.5277777777777777,0.6153846153846154,0.7272727272727273,5
