,BACC,Accuracy,Sensitivity,Specificity,MCC,AUC,Precision,F1 Score
ykc_pred_xgb_LOO,0.5611111111111111,0.5866666666666667,0.6888888888888889,0.43333333333333335,0.12474253319729148,0.5611111111111111,0.6458333333333334,0.6666666666666666
