,BACC,Sensitivity,Specificity,MCC,AUC,Precision,F1 Score,Fold
ykc_pred_xgb_fold1,0.5555555555555556,0.7777777777777778,0.3333333333333333,0.12309149097933272,0.5555555555555556,0.6363636363636364,0.7,1
ykc_pred_xgb_fold2,0.3611111111111111,0.5555555555555556,0.16666666666666666,-0.28867513459481287,0.3611111111111111,0.5,0.5263157894736842,2
ykc_pred_xgb_fold3,0.611111111111111,0.8888888888888888,0.3333333333333333,0.2721655269759087,0.6111111111111112,0.6666666666666666,0.7619047619047619,3
ykc_pred_xgb_fold4,0.6666666666666666,0.6666666666666666,0.6666666666666666,0.32732683535398854,0.6666666666666667,0.75,0.7058823529411765,4
ykc_pred_xgb_fold5,0.5833333333333333,0.6666666666666666,0.5,0.16666666666666666,0.5833333333333333,0.6666666666666666,0.6666666666666666,5
