,BACC,Sensitivity,Specificity,MCC,AUC,Precision,F1 Score,Fold
ykc_pred_xgb_fold4,0.6666666666666666,0.6666666666666666,0.6666666666666666,0.32732683535398854,0.6666666666666667,0.75,0.7058823529411765,4
