,BACC,Accuracy,Sensitivity,Specificity,MCC,AUC,Precision,F1 Score
ykc_pred_xgb_LOO,0.5777777777777777,0.6,0.6888888888888889,0.4666666666666667,0.1575521978122203,0.5777777777777777,0.6595744680851063,0.6739130434782609
