,BACC,Accuracy,Sensitivity,Specificity,MCC,AUC,Precision,F1 Score
ykc_pred_rf_LOO,0.4444444444444444,0.52,0.8222222222222222,0.06666666666666667,-0.16012815380508713,0.4444444444444444,0.5692307692307692,0.6727272727272727
