,BACC,Sensitivity,Specificity,MCC,AUC,Precision,F1 Score,Fold
ykc_pred_rf_fold2,0.5277777777777778,0.8888888888888888,0.16666666666666666,0.08006407690254358,0.5277777777777777,0.6153846153846154,0.7272727272727273,2
