,BACC,Sensitivity,Specificity,MCC,AUC,Precision,F1 Score,Fold
yke_pred_xgb_fold1,0.611111111111111,0.8888888888888888,0.3333333333333333,0.2721655269759087,0.6111111111111112,0.6666666666666666,0.7619047619047619,1
yke_pred_xgb_fold2,0.5,0.6666666666666666,0.3333333333333333,0.0,0.5,0.6,0.631578947368421,2
yke_pred_xgb_fold3,0.75,1.0,0.5,0.6123724356957946,0.75,0.75,0.8571428571428571,3
yke_pred_xgb_fold4,0.8888888888888888,0.7777777777777778,1.0,0.7637626158259733,0.8888888888888888,1.0,0.875,4
yke_pred_xgb_fold5,0.4722222222222222,0.4444444444444444,0.5,-0.05455447255899809,0.4722222222222222,0.5714285714285714,0.5,5
