,BACC,Accuracy,Sensitivity,Specificity,MCC,AUC,Precision,F1 Score
yke_pred_svc_LOO,0.4444444444444444,0.5333333333333333,0.8888888888888888,0.0,-0.2182178902359924,0.4444444444444444,0.5714285714285714,0.6956521739130435
