,BACC,Accuracy,Sensitivity,Specificity,MCC,AUC,Precision,F1 Score
yke_pred_rf_LOO,0.43333333333333335,0.5066666666666667,0.8,0.06666666666666667,-0.1846372364689991,0.43333333333333335,0.5625,0.6605504587155964
