,BACC,Sensitivity,Specificity,MCC,AUC,Precision,F1 Score,Fold
yke_pred_xgb_fold1,0.5555555555555556,0.7777777777777778,0.3333333333333333,0.12309149097933272,0.5555555555555556,0.6363636363636364,0.7,1
yke_pred_xgb_fold2,0.5555555555555556,0.7777777777777778,0.3333333333333333,0.12309149097933272,0.5555555555555556,0.6363636363636364,0.7,2
yke_pred_xgb_fold3,0.6666666666666666,1.0,0.3333333333333333,0.4803844614152614,0.6666666666666667,0.6923076923076923,0.8181818181818182,3
yke_pred_xgb_fold4,0.8888888888888888,0.7777777777777778,1.0,0.7637626158259733,0.8888888888888888,1.0,0.875,4
yke_pred_xgb_fold5,0.4722222222222222,0.4444444444444444,0.5,-0.05455447255899809,0.4722222222222222,0.5714285714285714,0.5,5
