,BACC,Accuracy,Sensitivity,Specificity,MCC,AUC,Precision,F1 Score
yke_pred_xgb_LOO,0.6222222222222222,0.64,0.7111111111111111,0.5333333333333333,0.24590600870544274,0.6222222222222222,0.6956521739130435,0.7032967032967034
