,BACC,Sensitivity,Specificity,MCC,AUC,Precision,F1 Score,Fold
yke_pred_xgb_fold5,0.4722222222222222,0.4444444444444444,0.5,-0.05455447255899809,0.4722222222222222,0.5714285714285714,0.5,5
