,BACC,Sensitivity,Specificity,MCC,AUC,Precision,F1 Score,Fold
yke_pred_xgb_fold4,0.8888888888888888,0.7777777777777778,1.0,0.7637626158259733,0.8888888888888888,1.0,0.875,4
