,BACC,Sensitivity,Specificity,MCC,AUC,Precision,F1 Score,Fold
yke_pred_svc_fold1,0.5833333333333334,1.0,0.16666666666666666,0.32732683535398854,0.5833333333333333,0.6428571428571429,0.782608695652174,1
yke_pred_svc_fold2,0.5277777777777778,0.8888888888888888,0.16666666666666666,0.08006407690254358,0.5277777777777777,0.6153846153846154,0.7272727272727273,2
yke_pred_svc_fold3,0.5,1.0,0.0,0.0,0.5,0.6,0.75,3
yke_pred_svc_fold4,0.6666666666666666,1.0,0.3333333333333333,0.4803844614152614,0.6666666666666667,0.6923076923076923,0.8181818181818182,4
yke_pred_svc_fold5,0.5833333333333334,1.0,0.16666666666666666,0.32732683535398854,0.5833333333333333,0.6428571428571429,0.782608695652174,5
