,BACC,Sensitivity,Specificity,MCC,AUC,Precision,F1 Score,Fold
yma_pred_rf_fold1,0.5833333333333334,1.0,0.16666666666666666,0.32732683535398854,0.5833333333333333,0.6428571428571429,0.782608695652174,1
yma_pred_rf_fold2,0.4444444444444444,0.5555555555555556,0.3333333333333333,-0.1111111111111111,0.4444444444444445,0.5555555555555556,0.5555555555555556,2
yma_pred_rf_fold3,0.5833333333333334,1.0,0.16666666666666666,0.32732683535398854,0.5833333333333333,0.6428571428571429,0.782608695652174,3
yma_pred_rf_fold4,0.5555555555555556,0.7777777777777778,0.3333333333333333,0.12309149097933272,0.5555555555555556,0.6363636363636364,0.7,4
yma_pred_rf_fold5,0.5,0.6666666666666666,0.3333333333333333,0.0,0.5,0.6,0.631578947368421,5
