,BACC,Accuracy,Sensitivity,Specificity,MCC,AUC,Precision,F1 Score
yma_pred_rf_LOO,0.5055555555555555,0.56,0.7777777777777778,0.23333333333333334,0.013001274187308594,0.5055555555555555,0.603448275862069,0.6796116504854369
