,BACC,Accuracy,Sensitivity,Specificity,MCC,AUC,Precision,F1 Score
yma_pred_xgb_LOO,0.5944444444444444,0.6266666666666667,0.7555555555555555,0.43333333333333335,0.19837301190396803,0.5944444444444444,0.6666666666666666,0.7083333333333334
