,BACC,Accuracy,Sensitivity,Specificity,MCC,AUC,Precision,F1 Score
yma_pred_svc_LOO,0.5055555555555555,0.5733333333333334,0.8444444444444444,0.16666666666666666,0.014847846772912466,0.5055555555555555,0.6031746031746031,0.7037037037037037
