,BACC,Sensitivity,Specificity,MCC,AUC,Precision,F1 Score,Fold
yma_pred_xgb_fold1,0.8333333333333333,1.0,0.6666666666666666,0.7385489458759964,0.8333333333333334,0.8181818181818182,0.9,1
yma_pred_xgb_fold2,0.5277777777777778,0.5555555555555556,0.5,0.05455447255899809,0.5277777777777778,0.625,0.5882352941176471,2
yma_pred_xgb_fold3,0.6944444444444444,0.8888888888888888,0.5,0.43082021842766455,0.6944444444444444,0.7272727272727273,0.8,3
yma_pred_xgb_fold4,0.6388888888888888,0.7777777777777778,0.5,0.28867513459481287,0.6388888888888888,0.7,0.7368421052631579,4
yma_pred_xgb_fold5,0.4722222222222222,0.4444444444444444,0.5,-0.05455447255899809,0.4722222222222222,0.5714285714285714,0.5,5
