,BACC,Sensitivity,Specificity,MCC,AUC,Precision,F1 Score,Fold
yma_pred_svc_fold1,0.5833333333333334,1.0,0.16666666666666666,0.32732683535398854,0.5833333333333333,0.6428571428571429,0.782608695652174,1
yma_pred_svc_fold2,0.5,0.6666666666666666,0.3333333333333333,0.0,0.5,0.6,0.631578947368421,2
yma_pred_svc_fold3,0.5833333333333334,1.0,0.16666666666666666,0.32732683535398854,0.5833333333333333,0.6428571428571429,0.782608695652174,3
yma_pred_svc_fold4,0.41666666666666663,0.6666666666666666,0.16666666666666666,-0.1846372364689991,0.41666666666666663,0.5454545454545454,0.6,4
yma_pred_svc_fold5,0.5833333333333334,1.0,0.16666666666666666,0.32732683535398854,0.5833333333333333,0.6428571428571429,0.782608695652174,5
