,BACC,Sensitivity,Specificity,MCC,AUC,Precision,F1 Score,Fold
yma_pred_xgb_fold1,0.8333333333333333,1.0,0.6666666666666666,0.7385489458759964,0.8333333333333334,0.8181818181818182,0.9,1
