,BACC,Accuracy,Sensitivity,Specificity,MCC,AUC,Precision,F1 Score
yma_pred_rf_LOO,0.5277777777777778,0.5733333333333334,0.7555555555555555,0.3,0.06154574548966636,0.5277777777777778,0.6181818181818182,0.68
