,BACC,Sensitivity,Specificity,MCC,AUC,Precision,F1 Score,Fold
yma_pred_xgb_fold1,0.7777777777777777,0.8888888888888888,0.6666666666666666,0.5773502691896257,0.7777777777777778,0.8,0.8421052631578947,1
yma_pred_xgb_fold2,0.4722222222222222,0.4444444444444444,0.5,-0.05455447255899809,0.4722222222222222,0.5714285714285714,0.5,2
yma_pred_xgb_fold3,0.6944444444444444,0.8888888888888888,0.5,0.43082021842766455,0.6944444444444444,0.7272727272727273,0.8,3
yma_pred_xgb_fold4,0.6388888888888888,0.7777777777777778,0.5,0.28867513459481287,0.6388888888888888,0.7,0.7368421052631579,4
yma_pred_xgb_fold5,0.4722222222222222,0.4444444444444444,0.5,-0.05455447255899809,0.4722222222222222,0.5714285714285714,0.5,5
