,BACC,Accuracy,Sensitivity,Specificity,MCC,AUC,Precision,F1 Score
yma_pred_xgb_LOO,0.5277777777777778,0.56,0.6888888888888889,0.36666666666666664,0.057735026918962574,0.5277777777777778,0.62,0.6526315789473685
