,BACC,Sensitivity,Specificity,MCC,AUC,Precision,F1 Score,Fold
ypc_pred_xgb_fold2,0.3333333333333333,0.3333333333333333,0.3333333333333333,-0.32732683535398854,0.33333333333333337,0.42857142857142855,0.375,2
