,BACC,Sensitivity,Specificity,MCC,AUC,Precision,F1 Score,Fold
ypc_pred_svc_fold1,0.5833333333333334,1.0,0.16666666666666666,0.32732683535398854,0.5833333333333333,0.6428571428571429,0.782608695652174,1
ypc_pred_svc_fold2,0.5833333333333333,0.6666666666666666,0.5,0.16666666666666666,0.5833333333333333,0.6666666666666666,0.6666666666666666,2
ypc_pred_svc_fold3,0.5,1.0,0.0,0.0,0.5,0.6,0.75,3
ypc_pred_svc_fold4,0.6944444444444444,0.5555555555555556,0.8333333333333334,0.3888888888888889,0.6944444444444444,0.8333333333333334,0.6666666666666666,4
ypc_pred_svc_fold5,0.6666666666666666,1.0,0.3333333333333333,0.4803844614152614,0.6666666666666667,0.6923076923076923,0.8181818181818182,5
