,BACC,Sensitivity,Specificity,MCC,AUC,Precision,F1 Score,Fold
ypc_pred_rf_fold5,0.5277777777777778,0.5555555555555556,0.5,0.05455447255899809,0.5277777777777778,0.625,0.5882352941176471,5
