,BACC,Sensitivity,Specificity,MCC,AUC,Precision,F1 Score,Fold
ypc_pred_xgb_fold1,0.6666666666666666,1.0,0.3333333333333333,0.4803844614152614,0.6666666666666667,0.6923076923076923,0.8181818181818182,1
ypc_pred_xgb_fold2,0.4722222222222222,0.4444444444444444,0.5,-0.05455447255899809,0.4722222222222222,0.5714285714285714,0.5,2
ypc_pred_xgb_fold3,0.611111111111111,0.8888888888888888,0.3333333333333333,0.2721655269759087,0.6111111111111112,0.6666666666666666,0.7619047619047619,3
ypc_pred_xgb_fold4,0.75,0.6666666666666666,0.8333333333333334,0.49099025303098287,0.75,0.8571428571428571,0.75,4
ypc_pred_xgb_fold5,0.6111111111111112,0.5555555555555556,0.6666666666666666,0.21821789023599236,0.6111111111111112,0.7142857142857143,0.625,5
