,BACC,Sensitivity,Specificity,MCC,AUC,Precision,F1 Score,Fold
ypc_pred_xgb_fold1,0.6666666666666666,1.0,0.3333333333333333,0.4803844614152614,0.6666666666666667,0.6923076923076923,0.8181818181818182,1
