,BACC,Accuracy,Sensitivity,Specificity,MCC,AUC,Precision,F1 Score
ypc_pred_xgb_LOO,0.6277777777777778,0.6533333333333333,0.7555555555555555,0.5,0.2630676812512146,0.6277777777777778,0.6938775510204082,0.723404255319149
