,BACC,Accuracy,Sensitivity,Specificity,MCC,AUC,Precision,F1 Score
ypc_pred_rf_LOO,0.5222222222222223,0.56,0.7111111111111111,0.3333333333333333,0.04721921646498856,0.5222222222222224,0.6153846153846154,0.6597938144329897
