,BACC,Accuracy,Sensitivity,Specificity,MCC,AUC,Precision,F1 Score
ypc_pred_svc_LOO,0.5166666666666667,0.5733333333333334,0.8,0.23333333333333334,0.03986205025895504,0.5166666666666666,0.6101694915254238,0.6923076923076923
