,BACC,Sensitivity,Specificity,MCC,AUC,Precision,F1 Score,Fold
ypc_pred_xgb_fold4,0.8333333333333333,0.6666666666666666,1.0,0.6666666666666666,0.8333333333333333,1.0,0.8,4
