,BACC,Sensitivity,Specificity,MCC,AUC,Precision,F1 Score,Fold
ypc_pred_rf_fold4,0.8055555555555556,0.7777777777777778,0.8333333333333334,0.600099198148979,0.8055555555555555,0.875,0.8235294117647058,4
