,BACC,Accuracy,Sensitivity,Specificity,MCC,AUC,Precision,F1 Score
ysc_pred_xgb_LOO,0.6388888888888888,0.6533333333333333,0.7111111111111111,0.5666666666666667,0.2777777777777778,0.638888888888889,0.7111111111111111,0.7111111111111111
