,BACC,Sensitivity,Specificity,MCC,AUC,Precision,F1 Score,Fold
ysc_pred_rf_fold3,0.5833333333333334,1.0,0.16666666666666666,0.32732683535398854,0.5833333333333333,0.6428571428571429,0.782608695652174,3
