,BACC,Accuracy,Sensitivity,Specificity,MCC,AUC,Precision,F1 Score
ysc_pred_rf_LOO,0.5444444444444444,0.6,0.8222222222222222,0.26666666666666666,0.10629880069054679,0.5444444444444445,0.6271186440677966,0.7115384615384616
