,BACC,Sensitivity,Specificity,MCC,AUC,Precision,F1 Score,Fold
ysc_pred_xgb_fold5,0.4444444444444444,0.5555555555555556,0.3333333333333333,-0.1111111111111111,0.4444444444444445,0.5555555555555556,0.5555555555555556,5
