,BACC,Sensitivity,Specificity,MCC,AUC,Precision,F1 Score,Fold
ysc_pred_xgb_fold1,0.6388888888888888,0.7777777777777778,0.5,0.28867513459481287,0.6388888888888888,0.7,0.7368421052631579,1
ysc_pred_xgb_fold2,0.5833333333333333,0.6666666666666666,0.5,0.16666666666666666,0.5833333333333333,0.6666666666666666,0.6666666666666666,2
ysc_pred_xgb_fold3,0.3888888888888889,0.7777777777777778,0.0,-0.3202563076101743,0.3888888888888889,0.5384615384615384,0.6363636363636364,3
ysc_pred_xgb_fold4,0.5833333333333333,0.6666666666666666,0.5,0.16666666666666666,0.5833333333333333,0.6666666666666666,0.6666666666666666,4
ysc_pred_xgb_fold5,0.4444444444444444,0.5555555555555556,0.3333333333333333,-0.1111111111111111,0.4444444444444445,0.5555555555555556,0.5555555555555556,5
