,BACC,Sensitivity,Specificity,MCC,AUC,Precision,F1 Score,Fold
yss_pred_xgb_fold4,0.6944444444444444,0.8888888888888888,0.5,0.43082021842766455,0.6944444444444444,0.7272727272727273,0.8,4
