,BACC,Sensitivity,Specificity,MCC,AUC,Precision,F1 Score,Fold
yss_pred_xgb_fold1,0.7222222222222222,0.7777777777777778,0.6666666666666666,0.4444444444444444,0.7222222222222223,0.7777777777777778,0.7777777777777778,1
