,BACC,Accuracy,Sensitivity,Specificity,MCC,AUC,Precision,F1 Score
yss_pred_xgb_LOO,0.7055555555555555,0.72,0.7777777777777778,0.6333333333333333,0.4135691964591537,0.7055555555555555,0.7608695652173914,0.7692307692307693
