,BACC,Accuracy,Sensitivity,Specificity,MCC,AUC,Precision,F1 Score
yss_pred_xgb_LOO,0.6888888888888889,0.7066666666666667,0.7777777777777778,0.6,0.38262676611539215,0.6888888888888889,0.7446808510638298,0.7608695652173914
