,BACC,Sensitivity,Specificity,MCC,AUC,Precision,F1 Score,Fold
yss_pred_svc_fold1,0.5833333333333334,1.0,0.16666666666666666,0.32732683535398854,0.5833333333333333,0.6428571428571429,0.782608695652174,1
yss_pred_svc_fold2,0.5,0.6666666666666666,0.3333333333333333,0.0,0.5,0.6,0.631578947368421,2
yss_pred_svc_fold3,0.5833333333333334,1.0,0.16666666666666666,0.32732683535398854,0.5833333333333333,0.6428571428571429,0.782608695652174,3
yss_pred_svc_fold4,0.611111111111111,0.8888888888888888,0.3333333333333333,0.2721655269759087,0.6111111111111112,0.6666666666666666,0.7619047619047619,4
yss_pred_svc_fold5,0.611111111111111,0.8888888888888888,0.3333333333333333,0.2721655269759087,0.6111111111111112,0.6666666666666666,0.7619047619047619,5
