,BACC,Accuracy,Sensitivity,Specificity,MCC,AUC,Precision,F1 Score
yss_pred_svc_LOO,0.5555555555555556,0.6133333333333333,0.8444444444444444,0.26666666666666666,0.13608276348795434,0.5555555555555556,0.6333333333333333,0.7238095238095238
