,BACC,Sensitivity,Specificity,MCC,AUC,Precision,F1 Score,Fold
yss_pred_xgb_fold1,0.8888888888888888,0.7777777777777778,1.0,0.7637626158259733,0.8888888888888888,1.0,0.875,1
yss_pred_xgb_fold2,0.6111111111111112,0.5555555555555556,0.6666666666666666,0.21821789023599236,0.6111111111111112,0.7142857142857143,0.625,2
yss_pred_xgb_fold3,0.5277777777777778,0.8888888888888888,0.16666666666666666,0.08006407690254358,0.5277777777777777,0.6153846153846154,0.7272727272727273,3
yss_pred_xgb_fold4,0.5833333333333333,0.6666666666666666,0.5,0.16666666666666666,0.5833333333333333,0.6666666666666666,0.6666666666666666,4
yss_pred_xgb_fold5,0.75,0.6666666666666666,0.8333333333333334,0.49099025303098287,0.75,0.8571428571428571,0.75,5
