,BACC,Sensitivity,Specificity,MCC,AUC,Precision,F1 Score,Fold
yss_pred_xgb_fold1,0.7222222222222222,0.7777777777777778,0.6666666666666666,0.4444444444444444,0.7222222222222223,0.7777777777777778,0.7777777777777778,1
yss_pred_xgb_fold2,0.6111111111111112,0.5555555555555556,0.6666666666666666,0.21821789023599236,0.6111111111111112,0.7142857142857143,0.625,2
yss_pred_xgb_fold3,0.5833333333333334,1.0,0.16666666666666666,0.32732683535398854,0.5833333333333333,0.6428571428571429,0.782608695652174,3
yss_pred_xgb_fold4,0.6944444444444444,0.8888888888888888,0.5,0.43082021842766455,0.6944444444444444,0.7272727272727273,0.8,4
yss_pred_xgb_fold5,0.8055555555555556,0.7777777777777778,0.8333333333333334,0.600099198148979,0.8055555555555555,0.875,0.8235294117647058,5
